실내여행지,월,건수
서울특별시교육청 과학전시관,1,6
서울특별시교육청 과학전시관,2,15
서울특별시교육청 과학전시관,3,16
서울특별시교육청 과학전시관,4,7
서울특별시교육청 과학전시관,5,14
서울특별시교육청 과학전시관,6,6
예술의전당,1,5884
예술의전당,2,5831
예술의전당,3,4457
예술의전당,4,4245
예술의전당,5,4126
예술의전당,6,4548
김천부항댐 물 문화관,1,17
김천부항댐 물 문화관,2,21
김천부항댐 물 문화관,3,23
김천부항댐 물 문화관,4,11
김천부항댐 물 문화관,5,31
김천부항댐 물 문화관,6,28
스파랜드 센텀시티,1,80
스파랜드 센텀시티,2,59
스파랜드 센텀시티,3,43
스파랜드 센텀시티,4,32
스파랜드 센텀시티,5,37
스파랜드 센텀시티,6,29
해녀박물관,1,174
해녀박물관,2,124
해녀박물관,3,146
해녀박물관,4,127
해녀박물관,5,146
해녀박물관,6,146
국립광주박물관,1,64
국립광주박물관,2,67
국립광주박물관,3,37
국립광주박물관,4,53
국립광주박물관,5,102
국립광주박물관,6,103
국립중앙과학관,1,329
국립중앙과학관,2,249
국립중앙과학관,3,211
국립중앙과학관,4,354
국립중앙과학관,5,295
국립중앙과학관,6,336
청계천박물관,1,312
청계천박물관,2,253
청계천박물관,3,212
청계천박물관,4,237
청계천박물관,5,293
청계천박물관,6,270
국립진주박물관,1,84
국립진주박물관,2,43
국립진주박물관,3,39
국립진주박물관,4,47
국립진주박물관,5,94
국립진주박물관,6,90
전쟁기념관,1,774
전쟁기념관,2,679
전쟁기념관,3,567
전쟁기념관,4,547
전쟁기념관,5,702
전쟁기념관,6,1121
부안청자박물관,1,22
부안청자박물관,2,8
부안청자박물관,3,13
부안청자박물관,4,11
부안청자박물관,5,14
부안청자박물관,6,17
매헌 윤봉길의사 기념관,1,47
매헌 윤봉길의사 기념관,2,39
매헌 윤봉길의사 기념관,3,39
매헌 윤봉길의사 기념관,4,50
매헌 윤봉길의사 기념관,5,36
매헌 윤봉길의사 기념관,6,40
광진교 8번가,1,2
광진교 8번가,2,7
광진교 8번가,3,4
광진교 8번가,4,8
광진교 8번가,5,7
광진교 8번가,6,13
현대자동차 문화회관,1,156
현대자동차 문화회관,2,169
현대자동차 문화회관,3,216
현대자동차 문화회관,4,191
현대자동차 문화회관,5,133
현대자동차 문화회관,6,137
롯데월드타워 서울스카이,1,2747
롯데월드타워 서울스카이,2,2211
롯데월드타워 서울스카이,3,2451
롯데월드타워 서울스카이,4,2174
롯데월드타워 서울스카이,5,2352
롯데월드타워 서울스카이,6,2432
챔피언1250,1,114
챔피언1250,2,42
챔피언1250,3,26
챔피언1250,4,34
챔피언1250,5,28
챔피언1250,6,47
서울 트릭아이미술관,1,11
서울 트릭아이미술관,2,8
서울 트릭아이미술관,3,14
서울 트릭아이미술관,4,5
서울 트릭아이미술관,5,7
서울 트릭아이미술관,6,16
서울대학교 박물관,1,15
서울대학교 박물관,2,13
서울대학교 박물관,3,13
서울대학교 박물관,4,7
서울대학교 박물관,5,32
서울대학교 박물관,6,17
농업과학관,1,82
농업과학관,2,76
농업과학관,3,52
농업과학관,4,69
농업과학관,5,72
농업과학관,6,77
말박물관,1,14784
말박물관,2,12897
말박물관,3,13386
말박물관,4,11396
말박물관,5,11864
말박물관,6,10859
평창무이예술관,1,9
평창무이예술관,2,4
평창무이예술관,3,4
평창무이예술관,4,5
평창무이예술관,5,8
평창무이예술관,6,4
용두산공원 부산타워 세양,6,1
세라믹 팔레스 홀,1,38
세라믹 팔레스 홀,2,3
세라믹 팔레스 홀,3,2
세라믹 팔레스 홀,4,5
세라믹 팔레스 홀,5,7
세라믹 팔레스 홀,6,5
박물관은 살아있다(인사동점),1,12
박물관은 살아있다(인사동점),2,7
박물관은 살아있다(인사동점),3,3
박물관은 살아있다(인사동점),4,1
박물관은 살아있다(인사동점),5,1
박물관은 살아있다(인사동점),6,2
테디베어뮤지엄 경주,1,10
테디베어뮤지엄 경주,2,5
테디베어뮤지엄 경주,3,9
테디베어뮤지엄 경주,4,5
테디베어뮤지엄 경주,5,7
테디베어뮤지엄 경주,6,4
조명박물관,1,42
조명박물관,2,29
조명박물관,3,13
조명박물관,4,19
조명박물관,5,15
조명박물관,6,18
옛터민속박물관,1,33
옛터민속박물관,2,13
옛터민속박물관,3,18
옛터민속박물관,4,28
옛터민속박물관,5,24
옛터민속박물관,6,23
프라움악기박물관,1,6
프라움악기박물관,2,12
프라움악기박물관,3,14
프라움악기박물관,4,18
프라움악기박물관,5,20
프라움악기박물관,6,33
부산자유회관(부산통일관),1,285
부산자유회관(부산통일관),2,321
부산자유회관(부산통일관),3,319
부산자유회관(부산통일관),4,320
부산자유회관(부산통일관),5,270
부산자유회관(부산통일관),6,311
제주테지움,1,22
제주테지움,2,13
제주테지움,3,7
제주테지움,4,5
제주테지움,5,7
제주테지움,6,28
민물고기생태체험관,1,27
민물고기생태체험관,2,17
민물고기생태체험관,3,9
민물고기생태체험관,4,18
민물고기생태체험관,5,11
민물고기생태체험관,6,30
보라매안전체험관,1,31
보라매안전체험관,2,9
보라매안전체험관,3,18
보라매안전체험관,4,25
보라매안전체험관,5,17
보라매안전체험관,6,13
국립중앙박물관,1,2408
국립중앙박물관,2,1655
국립중앙박물관,3,1471
국립중앙박물관,4,1367
국립중앙박물관,5,1970
국립중앙박물관,6,1744
국립고궁박물관,1,544
국립고궁박물관,2,486
국립고궁박물관,3,338
국립고궁박물관,4,230
국립고궁박물관,5,314
국립고궁박물관,6,292
국립현대미술관(덕수궁관),1,101
국립현대미술관(덕수궁관),2,73
국립현대미술관(덕수궁관),3,52
국립현대미술관(덕수궁관),4,42
국립현대미술관(덕수궁관),5,80
국립현대미술관(덕수궁관),6,52
김대중도서관,1,11
김대중도서관,2,16
김대중도서관,3,13
김대중도서관,4,14
김대중도서관,5,39
김대중도서관,6,55
대한민국역사박물관,1,210
대한민국역사박물관,2,166
대한민국역사박물관,3,175
대한민국역사박물관,4,174
대한민국역사박물관,5,347
대한민국역사박물관,6,267
국립현대미술관(과천관),1,134
국립현대미술관(과천관),2,86
국립현대미술관(과천관),3,50
국립현대미술관(과천관),4,39
국립현대미술관(과천관),5,91
국립현대미술관(과천관),6,41
아시아출판문화정보센터,1,1437
아시아출판문화정보센터,2,1266
아시아출판문화정보센터,3,1431
아시아출판문화정보센터,4,1583
아시아출판문화정보센터,5,1476
아시아출판문화정보센터,6,1397
화진포생태박물관,1,22
화진포생태박물관,2,14
화진포생태박물관,3,33
화진포생태박물관,4,18
화진포생태박물관,5,35
화진포생태박물관,6,38
진부령미술관,1,13
진부령미술관,2,15
진부령미술관,3,16
진부령미술관,4,11
진부령미술관,5,11
진부령미술관,6,21
성균관대학교 박물관,1,69
성균관대학교 박물관,2,102
성균관대학교 박물관,3,137
성균관대학교 박물관,4,130
성균관대학교 박물관,5,139
성균관대학교 박물관,6,127
서울대학교 치의학박물관,1,2
서울대학교 치의학박물관,2,2
서울대학교 치의학박물관,3,3
서울대학교 치의학박물관,4,6
서울대학교 치의학박물관,5,4
석정문학관,1,14
석정문학관,2,12
석정문학관,3,5
석정문학관,4,7
석정문학관,5,8
석정문학관,6,12
김포독립운동기념관,1,26
김포독립운동기념관,2,12
김포독립운동기념관,3,21
김포독립운동기념관,4,13
김포독립운동기념관,5,7
김포독립운동기념관,6,29
황어장터 3.1만세운동 기념관,1,2
황어장터 3.1만세운동 기념관,2,2
황어장터 3.1만세운동 기념관,3,4
코엑스 아쿠아리움,1,391
코엑스 아쿠아리움,2,187
코엑스 아쿠아리움,3,147
코엑스 아쿠아리움,4,140
코엑스 아쿠아리움,5,183
코엑스 아쿠아리움,6,193
표충사호국박물관,1,2
표충사호국박물관,2,3
표충사호국박물관,3,3
표충사호국박물관,4,6
표충사호국박물관,5,14
표충사호국박물관,6,9
63아트,1,785
63아트,2,1187
63아트,3,869
63아트,4,968
63아트,5,695
63아트,6,1205
물사랑 배움터,1,1
물사랑 배움터,2,2
물사랑 배움터,4,1
물사랑 배움터,5,8
물사랑 배움터,6,16
VR스테이션,1,515
VR스테이션,2,541
VR스테이션,3,528
VR스테이션,4,529
VR스테이션,5,472
VR스테이션,6,456
미당 서정주 시문학관,1,5
미당 서정주 시문학관,2,3
미당 서정주 시문학관,3,6
미당 서정주 시문학관,4,1
미당 서정주 시문학관,5,4
미당 서정주 시문학관,6,2
키자니아 서울,1,121
키자니아 서울,2,34
키자니아 서울,3,29
키자니아 서울,4,32
키자니아 서울,5,29
키자니아 서울,6,53
대구오페라하우스,1,101
대구오페라하우스,2,96
대구오페라하우스,3,315
대구오페라하우스,4,127
대구오페라하우스,5,119
대구오페라하우스,6,155
한국민속촌 옹기전시관,1,2
한국민속촌 옹기전시관,2,1
한국민속촌 옹기전시관,4,1
한국민속촌 옹기전시관,6,3
아쿠아플라넷 제주,1,249
아쿠아플라넷 제주,2,166
아쿠아플라넷 제주,3,108
아쿠아플라넷 제주,4,137
아쿠아플라넷 제주,5,145
아쿠아플라넷 제주,6,258
안산문화예술의전당,1,48
안산문화예술의전당,2,27
안산문화예술의전당,3,25
안산문화예술의전당,4,28
안산문화예술의전당,5,30
안산문화예술의전당,6,33
평송청소년문화센터,1,24
평송청소년문화센터,2,15
평송청소년문화센터,3,8
평송청소년문화센터,4,11
평송청소년문화센터,5,6
평송청소년문화센터,6,5
울산암각화박물관,1,12
울산암각화박물관,2,6
울산암각화박물관,3,6
울산암각화박물관,4,16
울산암각화박물관,5,5
울산암각화박물관,6,15
가평문화예술회관,1,30
가평문화예술회관,2,28
가평문화예술회관,3,20
가평문화예술회관,4,23
가평문화예술회관,5,26
가평문화예술회관,6,20
도산안창호기념관,1,8
도산안창호기념관,2,10
도산안창호기념관,3,11
도산안창호기념관,4,11
도산안창호기념관,5,13
도산안창호기념관,6,6
명지대학교 박물관,1,25
명지대학교 박물관,2,20
명지대학교 박물관,3,22
명지대학교 박물관,4,33
명지대학교 박물관,5,42
명지대학교 박물관,6,23
아주대학교박물관,1,529
아주대학교박물관,2,514
아주대학교박물관,3,526
아주대학교박물관,4,458
아주대학교박물관,5,477
아주대학교박물관,6,394
백남준아트센터,1,143
백남준아트센터,2,109
백남준아트센터,3,81
백남준아트센터,4,119
백남준아트센터,5,131
백남준아트센터,6,113
경주예술의전당,1,47
경주예술의전당,2,36
경주예술의전당,3,20
경주예술의전당,4,30
경주예술의전당,5,41
경주예술의전당,6,59
단국대학교 석주선기념박물관,1,16
단국대학교 석주선기념박물관,2,16
단국대학교 석주선기념박물관,3,19
단국대학교 석주선기념박물관,4,10
단국대학교 석주선기념박물관,5,22
단국대학교 석주선기념박물관,6,9
중랑구립정보도서관,1,11
중랑구립정보도서관,2,6
중랑구립정보도서관,3,7
중랑구립정보도서관,4,9
중랑구립정보도서관,5,18
중랑구립정보도서관,6,16
수도국산달동네박물관,1,38
수도국산달동네박물관,2,34
수도국산달동네박물관,3,29
수도국산달동네박물관,4,16
수도국산달동네박물관,5,38
수도국산달동네박물관,6,28
부평역사박물관,1,31
부평역사박물관,2,31
부평역사박물관,3,20
부평역사박물관,4,18
부평역사박물관,5,16
부평역사박물관,6,10
충주세계무술박물관,1,13
충주세계무술박물관,2,9
충주세계무술박물관,3,7
충주세계무술박물관,4,14
충주세계무술박물관,5,24
충주세계무술박물관,6,24
국립조세박물관,1,4
국립조세박물관,2,39
국립조세박물관,3,3
국립조세박물관,4,3
국립조세박물관,5,3
국립조세박물관,6,10
삼성미술관 리움,1,127
삼성미술관 리움,2,122
삼성미술관 리움,3,103
삼성미술관 리움,4,121
삼성미술관 리움,5,115
삼성미술관 리움,6,118
대구대학교 중앙박물관,1,121
대구대학교 중앙박물관,2,115
대구대학교 중앙박물관,3,99
대구대학교 중앙박물관,4,109
대구대학교 중앙박물관,5,145
대구대학교 중앙박물관,6,120
대구가톨릭대학교 역사박물관,1,194
대구가톨릭대학교 역사박물관,2,232
대구가톨릭대학교 역사박물관,3,211
대구가톨릭대학교 역사박물관,4,198
대구가톨릭대학교 역사박물관,5,205
대구가톨릭대학교 역사박물관,6,210
영남대학교박물관,1,5
영남대학교박물관,2,2
영남대학교박물관,3,6
영남대학교박물관,4,3
영남대학교박물관,5,12
영남대학교박물관,6,6
정림사지박물관,1,41
정림사지박물관,2,37
정림사지박물관,3,20
정림사지박물관,4,26
정림사지박물관,5,31
정림사지박물관,6,57
소수박물관,1,597
소수박물관,2,632
소수박물관,3,654
소수박물관,4,528
소수박물관,5,575
소수박물관,6,624
제주 세계자연유산센터,1,34
제주 세계자연유산센터,2,63
제주 세계자연유산센터,3,49
제주 세계자연유산센터,4,46
제주 세계자연유산센터,5,47
제주 세계자연유산센터,6,48
양구통일관,1,6
양구통일관,2,12
양구통일관,3,8
양구통일관,4,6
양구통일관,5,9
양구통일관,6,9
부산시민회관,1,99
부산시민회관,2,70
부산시민회관,3,59
부산시민회관,4,52
부산시민회관,5,90
부산시민회관,6,114
강원대학교중앙박물관,1,57
강원대학교중앙박물관,2,49
강원대학교중앙박물관,3,40
강원대학교중앙박물관,4,41
강원대학교중앙박물관,5,55
강원대학교중앙박물관,6,56
수산과학관(부산),1,73
수산과학관(부산),2,53
수산과학관(부산),3,28
수산과학관(부산),4,25
수산과학관(부산),5,48
수산과학관(부산),6,39
향토역사관,1,46
향토역사관,2,39
향토역사관,3,42
향토역사관,4,32
향토역사관,5,41
향토역사관,6,47
수성구립 고산도서관,1,15
수성구립 고산도서관,2,28
수성구립 고산도서관,3,2
수성구립 고산도서관,4,9
수성구립 고산도서관,5,7
수성구립 고산도서관,6,4
향촌문화관,1,67
향촌문화관,2,50
향촌문화관,3,36
향촌문화관,4,15
향촌문화관,5,22
향촌문화관,6,34
수성구립 용학도서관,1,6
수성구립 용학도서관,2,39
수성구립 용학도서관,3,3
수성구립 용학도서관,4,8
수성구립 용학도서관,5,7
수성구립 용학도서관,6,4
인천문화예술회관,1,288
인천문화예술회관,2,235
인천문화예술회관,3,185
인천문화예술회관,4,230
인천문화예술회관,5,298
인천문화예술회관,6,284
인천수봉문화회관,1,13
인천수봉문화회관,2,6
인천수봉문화회관,3,14
인천수봉문화회관,4,13
인천수봉문화회관,5,16
인천수봉문화회관,6,14
제주도립미술관,1,167
제주도립미술관,2,156
제주도립미술관,3,91
제주도립미술관,4,73
제주도립미술관,5,73
제주도립미술관,6,73
서귀포천문과학문화관,1,19
서귀포천문과학문화관,2,17
서귀포천문과학문화관,3,5
서귀포천문과학문화관,4,7
서귀포천문과학문화관,5,7
서귀포천문과학문화관,6,7
태백시 문화예술회관,1,10
태백시 문화예술회관,2,17
태백시 문화예술회관,3,11
태백시 문화예술회관,4,7
태백시 문화예술회관,5,29
태백시 문화예술회관,6,16
통영시립박물관,1,31
통영시립박물관,2,44
통영시립박물관,3,12
통영시립박물관,4,19
통영시립박물관,5,20
통영시립박물관,6,18
술박물관 리쿼리움,1,9
술박물관 리쿼리움,2,12
술박물관 리쿼리움,3,7
술박물관 리쿼리움,4,4
술박물관 리쿼리움,5,10
술박물관 리쿼리움,6,5
백제군사박물관,1,40
백제군사박물관,2,34
백제군사박물관,3,69
백제군사박물관,4,71
백제군사박물관,5,59
백제군사박물관,6,39
온양관광호텔 온천탕,1,17
온양관광호텔 온천탕,2,3
온양관광호텔 온천탕,3,3
온양관광호텔 온천탕,4,2
진안역사박물관,1,37
진안역사박물관,2,24
진안역사박물관,3,34
진안역사박물관,4,20
진안역사박물관,5,38
진안역사박물관,6,33
다이나믹 메이즈 (속초점),1,2
다이나믹 메이즈 (속초점),2,1
다이나믹 메이즈 (속초점),4,1
다이나믹 메이즈 (속초점),5,1
다이나믹 메이즈 (속초점),6,2
단양 다누리아쿠아리움,1,64
단양 다누리아쿠아리움,2,46
단양 다누리아쿠아리움,3,68
단양 다누리아쿠아리움,4,81
단양 다누리아쿠아리움,5,93
단양 다누리아쿠아리움,6,70
롯데월드 아쿠아리움,1,532
롯데월드 아쿠아리움,2,296
롯데월드 아쿠아리움,3,247
롯데월드 아쿠아리움,4,232
롯데월드 아쿠아리움,5,317
롯데월드 아쿠아리움,6,251
피규어뮤지엄 제주,1,170
피규어뮤지엄 제주,2,126
피규어뮤지엄 제주,3,80
피규어뮤지엄 제주,4,111
피규어뮤지엄 제주,5,92
피규어뮤지엄 제주,6,85
아쿠아플라넷 63,1,201
아쿠아플라넷 63,2,110
아쿠아플라넷 63,3,72
아쿠아플라넷 63,4,106
아쿠아플라넷 63,5,151
아쿠아플라넷 63,6,106
강원도 탄광문화촌,1,18
강원도 탄광문화촌,2,11
강원도 탄광문화촌,3,11
강원도 탄광문화촌,4,17
강원도 탄광문화촌,5,16
강원도 탄광문화촌,6,17
홍대난타전용관,1,1
홍대난타전용관,2,2
홍대난타전용관,3,1
홍대난타전용관,4,1
홍대난타전용관,5,1
브이센터 (브이센터 더라이브뮤지엄),1,77
브이센터 (브이센터 더라이브뮤지엄),2,65
브이센터 (브이센터 더라이브뮤지엄),3,57
브이센터 (브이센터 더라이브뮤지엄),4,58
브이센터 (브이센터 더라이브뮤지엄),5,78
브이센터 (브이센터 더라이브뮤지엄),6,69
사일온천,1,13
사일온천,2,21
사일온천,3,8
사일온천,4,23
사일온천,5,10
사일온천,6,13
제주난타전용관,1,1
제주난타전용관,3,1
제주난타전용관,4,2
제주난타전용관,5,3
제주난타전용관,6,1
부산문화회관,1,363
부산문화회관,2,248
부산문화회관,3,196
부산문화회관,4,178
부산문화회관,5,166
부산문화회관,6,213
주렁주렁 (롯데빅마켓 킨텍스점),1,12
주렁주렁 (롯데빅마켓 킨텍스점),2,3
주렁주렁 (롯데빅마켓 킨텍스점),3,2
주렁주렁 (롯데빅마켓 킨텍스점),5,1
주렁주렁 (롯데빅마켓 킨텍스점),6,2
제주서커스월드공연장,1,9
제주서커스월드공연장,2,6
제주서커스월드공연장,3,5
제주서커스월드공연장,4,2
제주서커스월드공연장,5,2
제주서커스월드공연장,6,5
다이나믹 메이즈 (서울 인사동점),1,9
다이나믹 메이즈 (서울 인사동점),2,5
다이나믹 메이즈 (서울 인사동점),4,1
다이나믹 메이즈 (서울 인사동점),5,2
다이나믹 메이즈 (서울 인사동점),6,1
실로암사우나찜질방,1,17
실로암사우나찜질방,2,4
실로암사우나찜질방,3,4
실로암사우나찜질방,4,4
실로암사우나찜질방,5,7
실로암사우나찜질방,6,4
신세계 센텀시티,1,1256
신세계 센텀시티,2,991
신세계 센텀시티,3,1003
신세계 센텀시티,4,937
신세계 센텀시티,5,1062
신세계 센텀시티,6,1107
롯데월드타워&롯데월드몰,1,2981
롯데월드타워&롯데월드몰,2,1863
롯데월드타워&롯데월드몰,3,1856
롯데월드타워&롯데월드몰,4,1773
롯데월드타워&롯데월드몰,5,2059
롯데월드타워&롯데월드몰,6,1881
악티바,1,3
악티바,2,6
악티바,3,7
악티바,4,3
악티바,5,3
악티바,6,2
한국종합무역센터(코엑스),1,714
한국종합무역센터(코엑스),2,701
한국종합무역센터(코엑스),3,637
한국종합무역센터(코엑스),4,574
한국종합무역센터(코엑스),5,795
한국종합무역센터(코엑스),6,891
에티오피아 한국전 참전기념관,1,20
에티오피아 한국전 참전기념관,2,21
에티오피아 한국전 참전기념관,3,9
에티오피아 한국전 참전기념관,4,32
에티오피아 한국전 참전기념관,5,18
에티오피아 한국전 참전기념관,6,24
고창판소리박물관,1,22
고창판소리박물관,2,25
고창판소리박물관,3,14
고창판소리박물관,4,14
고창판소리박물관,5,26
고창판소리박물관,6,25
SEA LIFE 부산아쿠아리움,1,31
SEA LIFE 부산아쿠아리움,2,47
SEA LIFE 부산아쿠아리움,3,19
SEA LIFE 부산아쿠아리움,4,27
SEA LIFE 부산아쿠아리움,5,19
SEA LIFE 부산아쿠아리움,6,32
화성식염온천,1,3
화성식염온천,2,3
화성식염온천,3,1
화성식염온천,4,2
화성식염온천,5,2
화성식염온천,6,2
강화역사박물관,1,153
강화역사박물관,2,128
강화역사박물관,3,107
강화역사박물관,4,144
강화역사박물관,5,141
강화역사박물관,6,161
지당자연사박물관,1,5
지당자연사박물관,3,4
지당자연사박물관,4,2
지당자연사박물관,5,1
문경에코랄라,1,48
문경에코랄라,2,41
문경에코랄라,3,20
문경에코랄라,4,34
문경에코랄라,5,63
문경에코랄라,6,73
전원미술관,1,314
전원미술관,2,344
전원미술관,3,364
전원미술관,4,363
전원미술관,5,392
전원미술관,6,387
경상북도독립운동기념관,1,211
경상북도독립운동기념관,2,195
경상북도독립운동기념관,3,216
경상북도독립운동기념관,4,169
경상북도독립운동기념관,5,235
경상북도독립운동기념관,6,262
고성 DMZ박물관,1,64
고성 DMZ박물관,2,56
고성 DMZ박물관,3,54
고성 DMZ박물관,4,31
고성 DMZ박물관,5,19
고성 DMZ박물관,6,34
국립전주박물관,1,124
국립전주박물관,2,24
국립전주박물관,3,25
국립전주박물관,4,23
국립전주박물관,5,41
국립전주박물관,6,60
국립국악원,1,401
국립국악원,2,294
국립국악원,3,391
국립국악원,4,458
국립국악원,5,421
국립국악원,6,454
국립현대미술관(청주관),1,76
국립현대미술관(청주관),2,38
국립현대미술관(청주관),3,17
국립현대미술관(청주관),4,15
국립현대미술관(청주관),5,39
국립현대미술관(청주관),6,43
중구생활사전시관,1,24
중구생활사전시관,2,20
중구생활사전시관,3,4
중구생활사전시관,4,11
중구생활사전시관,5,22
중구생활사전시관,6,12
국립공주박물관,1,125
국립공주박물관,2,96
국립공주박물관,3,77
국립공주박물관,4,42
국립공주박물관,5,67
국립공주박물관,6,109
바람흔적미술관,1,83
바람흔적미술관,2,27
바람흔적미술관,3,27
바람흔적미술관,4,13
바람흔적미술관,5,51
바람흔적미술관,6,34
김영갑 갤러리(두모악),1,68
김영갑 갤러리(두모악),2,55
김영갑 갤러리(두모악),3,64
김영갑 갤러리(두모악),4,57
김영갑 갤러리(두모악),5,81
김영갑 갤러리(두모악),6,77
한국천연염색박물관,1,49
한국천연염색박물관,2,32
한국천연염색박물관,3,27
한국천연염색박물관,4,29
한국천연염색박물관,5,28
한국천연염색박물관,6,49
군산근대역사박물관,1,208
군산근대역사박물관,2,145
군산근대역사박물관,3,75
군산근대역사박물관,4,81
군산근대역사박물관,5,143
군산근대역사박물관,6,155
아쿠아플라넷 여수,1,144
아쿠아플라넷 여수,2,78
아쿠아플라넷 여수,3,76
아쿠아플라넷 여수,4,73
아쿠아플라넷 여수,5,84
아쿠아플라넷 여수,6,67
아쿠아플라넷 일산,1,289
아쿠아플라넷 일산,2,119
아쿠아플라넷 일산,3,122
아쿠아플라넷 일산,4,121
아쿠아플라넷 일산,5,120
아쿠아플라넷 일산,6,139
서대문형무소역사관,1,114
서대문형무소역사관,2,91
서대문형무소역사관,3,101
서대문형무소역사관,4,84
서대문형무소역사관,5,81
서대문형무소역사관,6,79
괴산한지체험박물관,1,6
괴산한지체험박물관,2,7
괴산한지체험박물관,3,4
괴산한지체험박물관,4,1
괴산한지체험박물관,5,8
괴산한지체험박물관,6,6
청와대사랑채,1,188
청와대사랑채,2,225
청와대사랑채,3,143
청와대사랑채,4,104
청와대사랑채,5,111
청와대사랑채,6,89
국립전북기상과학관,1,11
국립전북기상과학관,2,6
국립전북기상과학관,3,5
국립전북기상과학관,4,10
국립전북기상과학관,5,13
국립전북기상과학관,6,11
울산남부도서관,1,21
울산남부도서관,2,24
울산남부도서관,3,17
울산남부도서관,4,15
울산남부도서관,5,13
울산남부도서관,6,16
우석헌자연사박물관,1,2
우석헌자연사박물관,2,5
우석헌자연사박물관,3,5
우석헌자연사박물관,4,6
우석헌자연사박물관,5,21
우석헌자연사박물관,6,11
강원도 산림박물관,1,47
강원도 산림박물관,2,50
강원도 산림박물관,3,44
강원도 산림박물관,4,51
강원도 산림박물관,5,57
강원도 산림박물관,6,70
춘천막국수체험박물관,1,13
춘천막국수체험박물관,2,18
춘천막국수체험박물관,3,3
춘천막국수체험박물관,4,16
춘천막국수체험박물관,5,6
춘천막국수체험박물관,6,15
오산리선사유적박물관,1,21
오산리선사유적박물관,2,7
오산리선사유적박물관,3,9
오산리선사유적박물관,4,11
오산리선사유적박물관,5,13
오산리선사유적박물관,6,17
광주시립미술관,1,102
광주시립미술관,2,120
광주시립미술관,3,84
광주시립미술관,4,81
광주시립미술관,5,116
광주시립미술관,6,109
신탄진도서관,1,34
신탄진도서관,2,43
신탄진도서관,3,33
신탄진도서관,4,46
신탄진도서관,5,23
신탄진도서관,6,24
태백 고생대자연사박물관,1,30
태백 고생대자연사박물관,2,17
태백 고생대자연사박물관,3,13
태백 고생대자연사박물관,4,8
태백 고생대자연사박물관,5,8
태백 고생대자연사박물관,6,8
부산시립미술관,1,355
부산시립미술관,2,326
부산시립미술관,3,147
부산시립미술관,4,144
부산시립미술관,5,247
부산시립미술관,6,179
동삼동패총전시관,1,14
동삼동패총전시관,2,8
동삼동패총전시관,3,11
동삼동패총전시관,4,15
동삼동패총전시관,5,5
동삼동패총전시관,6,10
동강사진박물관,1,27
동강사진박물관,2,26
동강사진박물관,3,23
동강사진박물관,4,14
동강사진박물관,5,25
동강사진박물관,6,15
속초시립박물관·속초실향민문화촌,1,5
속초시립박물관·속초실향민문화촌,2,8
속초시립박물관·속초실향민문화촌,3,6
속초시립박물관·속초실향민문화촌,4,6
속초시립박물관·속초실향민문화촌,5,6
속초시립박물관·속초실향민문화촌,6,6
홍천교육도서관,1,22
홍천교육도서관,2,29
홍천교육도서관,3,24
홍천교육도서관,4,92
홍천교육도서관,5,47
홍천교육도서관,6,44
화천교육도서관,1,22
화천교육도서관,2,25
화천교육도서관,3,21
화천교육도서관,4,16
화천교육도서관,5,14
화천교육도서관,6,20
국립춘천박물관,1,71
국립춘천박물관,2,93
국립춘천박물관,3,60
국립춘천박물관,4,43
국립춘천박물관,5,143
국립춘천박물관,6,138
이효석 문학관,1,93
이효석 문학관,2,125
이효석 문학관,3,138
이효석 문학관,4,69
이효석 문학관,5,74
이효석 문학관,6,197
국립대구박물관,1,126
국립대구박물관,2,92
국립대구박물관,3,45
국립대구박물관,4,42
국립대구박물관,5,82
국립대구박물관,6,69
한국등잔박물관,1,12
한국등잔박물관,2,2
한국등잔박물관,3,2
한국등잔박물관,4,4
한국등잔박물관,5,21
한국등잔박물관,6,7
한중문화관,1,88
한중문화관,2,96
한중문화관,3,116
한중문화관,4,93
한중문화관,5,60
한중문화관,6,62
우표박물관 (구.우표문화누리),1,45
우표박물관 (구.우표문화누리),2,26
우표박물관 (구.우표문화누리),3,35
우표박물관 (구.우표문화누리),4,32
우표박물관 (구.우표문화누리),5,29
우표박물관 (구.우표문화누리),6,30
국립어린이과학관,1,437
국립어린이과학관,2,180
국립어린이과학관,3,129
국립어린이과학관,4,198
국립어린이과학관,5,214
국립어린이과학관,6,232
금천구립금나래도서관,1,6
금천구립금나래도서관,2,3
금천구립금나래도서관,3,2
금천구립금나래도서관,4,3
금천구립금나래도서관,5,3
금천구립금나래도서관,6,5
세종대왕기념관,1,36
세종대왕기념관,2,34
세종대왕기념관,3,29
세종대왕기념관,4,35
세종대왕기념관,5,57
세종대왕기념관,6,47
안중근의사기념관,1,122
안중근의사기념관,2,112
안중근의사기념관,3,129
안중근의사기념관,4,106
안중근의사기념관,5,88
안중근의사기념관,6,58
백범김구기념관,1,203
백범김구기념관,2,82
백범김구기념관,3,54
백범김구기념관,4,61
백범김구기념관,5,73
백범김구기념관,6,66
해금강테마박물관,1,36
해금강테마박물관,2,39
해금강테마박물관,3,38
해금강테마박물관,4,53
해금강테마박물관,5,79
해금강테마박물관,6,89
경남도립미술관,1,31
경남도립미술관,2,32
경남도립미술관,3,23
경남도립미술관,4,37
경남도립미술관,5,75
경남도립미술관,6,72
함안도서관,1,50
함안도서관,2,36
함안도서관,3,32
함안도서관,4,43
함안도서관,5,35
함안도서관,6,53
김해문화의전당,1,120
김해문화의전당,2,89
김해문화의전당,3,101
김해문화의전당,4,96
김해문화의전당,5,113
김해문화의전당,6,106
안동민속박물관,1,25
안동민속박물관,2,30
안동민속박물관,3,11
안동민속박물관,4,18
안동민속박물관,5,23
안동민속박물관,6,22
성남아트센터,1,404
성남아트센터,2,231
성남아트센터,3,155
성남아트센터,4,137
성남아트센터,5,156
성남아트센터,6,172
합천박물관,1,17
합천박물관,2,6
합천박물관,3,4
합천박물관,4,8
합천박물관,5,1
합천박물관,6,18
국립여성사전시관,1,9
국립여성사전시관,2,9
국립여성사전시관,3,6
국립여성사전시관,4,16
국립여성사전시관,5,7
국립여성사전시관,6,17
국립과천과학관,1,286
국립과천과학관,2,275
국립과천과학관,3,196
국립과천과학관,4,216
국립과천과학관,5,261
국립과천과학관,6,501
유교랜드,1,34
유교랜드,2,23
유교랜드,3,20
유교랜드,4,16
유교랜드,5,43
유교랜드,6,41
국립청주박물관 어린이박물관,1,1863
국립청주박물관 어린이박물관,2,1118
국립청주박물관 어린이박물관,3,850
국립청주박물관 어린이박물관,4,890
국립청주박물관 어린이박물관,5,1347
국립청주박물관 어린이박물관,6,1145
하남역사박물관,1,19
하남역사박물관,2,7
하남역사박물관,3,15
하남역사박물관,4,18
하남역사박물관,5,14
하남역사박물관,6,15
진천 종박물관,1,11
진천 종박물관,2,18
진천 종박물관,3,10
진천 종박물관,4,13
진천 종박물관,5,11
진천 종박물관,6,25
청주시립대청호미술관,1,12
청주시립대청호미술관,2,13
청주시립대청호미술관,3,6
청주시립대청호미술관,4,4
청주시립대청호미술관,5,13
청주시립대청호미술관,6,12
천안 독립기념관,1,428
천안 독립기념관,2,371
천안 독립기념관,3,445
천안 독립기념관,4,345
천안 독립기념관,5,395
천안 독립기념관,6,440
국립제주박물관,1,107
국립제주박물관,2,79
국립제주박물관,3,55
국립제주박물관,4,45
국립제주박물관,5,84
국립제주박물관,6,111
한독의약박물관,1,39
한독의약박물관,2,13
한독의약박물관,3,2
한독의약박물관,4,3
한독의약박물관,5,12
한독의약박물관,6,6
충주박물관,1,36
충주박물관,2,29
충주박물관,3,24
충주박물관,4,19
충주박물관,5,35
충주박물관,6,24
안동 온뜨레피움,1,9
안동 온뜨레피움,2,5
안동 온뜨레피움,3,16
안동 온뜨레피움,4,13
안동 온뜨레피움,5,26
안동 온뜨레피움,6,17
여주박물관,1,65
여주박물관,2,52
여주박물관,3,51
여주박물관,4,32
여주박물관,5,53
여주박물관,6,35
생거판화 미술관,1,5
생거판화 미술관,2,6
생거판화 미술관,3,6
생거판화 미술관,4,4
생거판화 미술관,5,11
생거판화 미술관,6,3
국립민속국악원,1,70
국립민속국악원,2,40
국립민속국악원,3,64
국립민속국악원,4,71
국립민속국악원,5,72
국립민속국악원,6,75
광주문화예술회관,1,99
광주문화예술회관,2,62
광주문화예술회관,3,55
광주문화예술회관,4,90
광주문화예술회관,5,100
광주문화예술회관,6,146
하회세계탈박물관,1,25
하회세계탈박물관,2,12
하회세계탈박물관,3,15
하회세계탈박물관,4,26
하회세계탈박물관,5,23
하회세계탈박물관,6,33
종이나라박물관,1,25
종이나라박물관,2,5
종이나라박물관,3,6
종이나라박물관,4,4
종이나라박물관,5,14
종이나라박물관,6,7
고남패총박물관,1,9
고남패총박물관,2,17
고남패총박물관,3,5
고남패총박물관,4,5
고남패총박물관,5,8
고남패총박물관,6,13
태백산맥문학관,1,46
태백산맥문학관,2,43
태백산맥문학관,3,27
태백산맥문학관,4,18
태백산맥문학관,5,40
태백산맥문학관,6,33
목포자연사박물관,1,47
목포자연사박물관,2,45
목포자연사박물관,3,20
목포자연사박물관,4,24
목포자연사박물관,5,23
목포자연사박물관,6,37
아산조방원미술관,1,4
아산조방원미술관,2,1
아산조방원미술관,3,5
아산조방원미술관,5,7
아산조방원미술관,6,9
진도해양생태관,1,1
진도해양생태관,2,6
진도해양생태관,3,2
진도해양생태관,4,2
진도해양생태관,5,4
진도해양생태관,6,2
섬진강어류생태관,1,29
섬진강어류생태관,2,14
섬진강어류생태관,3,13
섬진강어류생태관,4,15
섬진강어류생태관,5,13
섬진강어류생태관,6,35
강진군도서관,1,7
강진군도서관,2,18
강진군도서관,3,19
강진군도서관,4,23
강진군도서관,5,22
강진군도서관,6,30
전주완산도서관,1,22
전주완산도서관,2,34
전주완산도서관,3,23
전주완산도서관,4,35
전주완산도서관,5,17
전주완산도서관,6,23
곡성레저문화센터,1,6
곡성레저문화센터,2,5
곡성레저문화센터,3,7
곡성레저문화센터,4,3
곡성레저문화센터,5,6
곡성레저문화센터,6,10
한국차박물관,1,31
한국차박물관,2,26
한국차박물관,3,11
한국차박물관,4,13
한국차박물관,5,19
한국차박물관,6,9
전통문화콘텐츠박물관,1,67
전통문화콘텐츠박물관,2,61
전통문화콘텐츠박물관,3,49
전통문화콘텐츠박물관,4,45
전통문화콘텐츠박물관,5,69
전통문화콘텐츠박물관,6,69
여수시민회관,1,40
여수시민회관,2,24
여수시민회관,3,28
여수시민회관,4,14
여수시민회관,5,12
여수시민회관,6,13
천관문학관,1,3
천관문학관,2,8
천관문학관,3,6
천관문학관,4,17
천관문학관,5,3
천관문학관,6,5
인천개항박물관,1,25
인천개항박물관,2,18
인천개항박물관,3,9
인천개항박물관,4,11
인천개항박물관,5,17
인천개항박물관,6,18
아해박물관,1,12
아해박물관,2,11
아해박물관,3,9
아해박물관,4,8
아해박물관,5,11
아해박물관,6,8
목포근대역사관 2관,1,58
목포근대역사관 2관,2,62
목포근대역사관 2관,3,28
목포근대역사관 2관,4,27
목포근대역사관 2관,5,50
목포근대역사관 2관,6,46
공군박물관,1,13
공군박물관,2,14
공군박물관,3,15
공군박물관,4,5
공군박물관,5,4
공군박물관,6,6
밀알미술관,1,7
밀알미술관,2,7
밀알미술관,3,3
밀알미술관,4,5
밀알미술관,5,7
밀알미술관,6,14
믿거나 말거나 박물관,1,257
믿거나 말거나 박물관,2,131
믿거나 말거나 박물관,3,88
믿거나 말거나 박물관,4,83
믿거나 말거나 박물관,5,92
믿거나 말거나 박물관,6,77
국립청주박물관,1,84
국립청주박물관,2,61
국립청주박물관,3,36
국립청주박물관,4,42
국립청주박물관,5,82
국립청주박물관,6,71
목아박물관,1,48
목아박물관,2,27
목아박물관,3,16
목아박물관,4,24
목아박물관,5,30
목아박물관,6,42
국제갤러리,1,94
국제갤러리,2,74
국제갤러리,3,64
국제갤러리,4,44
국제갤러리,5,50
국제갤러리,6,87
제주국제평화센터,1,21
제주국제평화센터,2,21
제주국제평화센터,3,15
제주국제평화센터,4,11
제주국제평화센터,5,16
제주국제평화센터,6,13
이월드 83타워,1,208
이월드 83타워,2,116
이월드 83타워,3,134
이월드 83타워,4,85
이월드 83타워,5,88
이월드 83타워,6,96
박물관은 살아있다(제주중문점),1,12
박물관은 살아있다(제주중문점),2,34
박물관은 살아있다(제주중문점),3,12
박물관은 살아있다(제주중문점),4,12
박물관은 살아있다(제주중문점),5,4
박물관은 살아있다(제주중문점),6,13
서울특별시교육청 과학전시관 (남산분관),1,6
서울특별시교육청 과학전시관 (남산분관),2,8
서울특별시교육청 과학전시관 (남산분관),3,5
서울특별시교육청 과학전시관 (남산분관),4,6
서울특별시교육청 과학전시관 (남산분관),5,11
서울특별시교육청 과학전시관 (남산분관),6,5
영동군 난계국악당,2,1
영동군 난계국악당,4,1
영동군 난계국악당,5,2
영동군 난계국악당,6,1
한국교원대학교 교육박물관,1,978
한국교원대학교 교육박물관,2,950
한국교원대학교 교육박물관,3,1159
한국교원대학교 교육박물관,4,982
한국교원대학교 교육박물관,5,1061
한국교원대학교 교육박물관,6,997
창조자연사박물관,1,28
창조자연사박물관,2,33
창조자연사박물관,3,33
창조자연사박물관,4,42
창조자연사박물관,5,40
창조자연사박물관,6,33
지도박물관,1,67
지도박물관,2,31
지도박물관,3,16
지도박물관,4,12
지도박물관,5,15
지도박물관,6,12
고성탈박물관,1,47
고성탈박물관,2,30
고성탈박물관,3,28
고성탈박물관,4,25
고성탈박물관,5,34
고성탈박물관,6,29
철박물관,1,16
철박물관,2,4
철박물관,3,1
철박물관,4,5
철박물관,5,4
철박물관,6,8
충청북도자연과학교육원 과학전시관,1,38
충청북도자연과학교육원 과학전시관,2,17
충청북도자연과학교육원 과학전시관,3,20
충청북도자연과학교육원 과학전시관,4,30
충청북도자연과학교육원 과학전시관,5,28
충청북도자연과학교육원 과학전시관,6,40
광주문화원(경기),1,51
광주문화원(경기),2,89
광주문화원(경기),3,90
광주문화원(경기),4,69
광주문화원(경기),5,76
광주문화원(경기),6,58
강릉시 오죽헌/시립박물관,1,21
강릉시 오죽헌/시립박물관,2,18
강릉시 오죽헌/시립박물관,3,18
강릉시 오죽헌/시립박물관,4,20
강릉시 오죽헌/시립박물관,5,17
강릉시 오죽헌/시립박물관,6,17
순천문화예술회관,1,21
순천문화예술회관,2,13
순천문화예술회관,3,12
순천문화예술회관,4,5
순천문화예술회관,5,9
순천문화예술회관,6,4
한국기독교역사박물관,1,216
한국기독교역사박물관,2,218
한국기독교역사박물관,3,219
한국기독교역사박물관,4,177
한국기독교역사박물관,5,185
한국기독교역사박물관,6,193
순천만 자연생태관,1,25
순천만 자연생태관,2,20
순천만 자연생태관,3,18
순천만 자연생태관,4,17
순천만 자연생태관,5,21
순천만 자연생태관,6,20
스토리 미니어처 뮤지엄,1,8
스토리 미니어처 뮤지엄,2,10
스토리 미니어처 뮤지엄,3,14
스토리 미니어처 뮤지엄,4,4
스토리 미니어처 뮤지엄,5,4
스토리 미니어처 뮤지엄,6,29
나주문화원,1,27
나주문화원,2,48
나주문화원,3,67
나주문화원,4,39
나주문화원,5,42
나주문화원,6,20
"장전미술관 (구, 남진미술관)",1,9
"장전미술관 (구, 남진미술관)",2,6
"장전미술관 (구, 남진미술관)",3,3
"장전미술관 (구, 남진미술관)",4,9
"장전미술관 (구, 남진미술관)",5,5
"장전미술관 (구, 남진미술관)",6,7
동신대 카메라박물관(문화박물관),1,595
동신대 카메라박물관(문화박물관),2,592
동신대 카메라박물관(문화박물관),3,522
동신대 카메라박물관(문화박물관),4,409
동신대 카메라박물관(문화박물관),5,459
동신대 카메라박물관(문화박물관),6,459
원마운트 워터파크,1,64
원마운트 워터파크,2,21
원마운트 워터파크,3,14
원마운트 워터파크,4,8
원마운트 워터파크,5,15
원마운트 워터파크,6,20
펀테마파크,2,1
펀테마파크,3,4
펀테마파크,4,1
속초스파랜드,1,39
속초스파랜드,2,24
속초스파랜드,3,29
속초스파랜드,4,34
속초스파랜드,5,38
속초스파랜드,6,42
함양문화예술회관,1,66
함양문화예술회관,2,48
함양문화예술회관,3,30
함양문화예술회관,4,35
함양문화예술회관,5,35
함양문화예술회관,6,48
이천시립월전미술관,1,26
이천시립월전미술관,2,29
이천시립월전미술관,3,5
이천시립월전미술관,4,11
이천시립월전미술관,5,20
이천시립월전미술관,6,7
"홍천테마파크(구, 예술촌)",4,1
"홍천테마파크(구, 예술촌)",5,1
"홍천테마파크(구, 예술촌)",6,3
KBS 울산홀,1,34
KBS 울산홀,2,6
KBS 울산홀,3,4
KBS 울산홀,4,18
KBS 울산홀,5,23
KBS 울산홀,6,24
대구콘서트하우스 (구.대구시민회관),1,53
대구콘서트하우스 (구.대구시민회관),2,53
대구콘서트하우스 (구.대구시민회관),3,40
대구콘서트하우스 (구.대구시민회관),4,34
대구콘서트하우스 (구.대구시민회관),5,68
대구콘서트하우스 (구.대구시민회관),6,106
상주시 문화회관,1,34
상주시 문화회관,2,51
상주시 문화회관,3,42
상주시 문화회관,4,15
상주시 문화회관,5,21
상주시 문화회관,6,25
제주 문화예술진흥원,1,62
제주 문화예술진흥원,2,53
제주 문화예술진흥원,3,44
제주 문화예술진흥원,4,47
제주 문화예술진흥원,5,65
제주 문화예술진흥원,6,71
조선일보미술관,1,39
조선일보미술관,2,40
조선일보미술관,3,28
조선일보미술관,4,25
조선일보미술관,5,21
조선일보미술관,6,41
남부산림자원연구소,1,26
남부산림자원연구소,2,29
남부산림자원연구소,3,16
남부산림자원연구소,4,25
남부산림자원연구소,5,24
남부산림자원연구소,6,33
경희대학교 중앙박물관,1,48
경희대학교 중앙박물관,2,55
경희대학교 중앙박물관,3,34
경희대학교 중앙박물관,4,25
경희대학교 중앙박물관,5,38
경희대학교 중앙박물관,6,19
중남미문화원,1,19
중남미문화원,2,27
중남미문화원,3,29
중남미문화원,4,24
중남미문화원,5,42
중남미문화원,6,25
동산방화랑,1,14
동산방화랑,2,4
동산방화랑,3,6
동산방화랑,4,6
동산방화랑,5,8
동산방화랑,6,3
명지산생태전시관,1,1
명지산생태전시관,2,4
명지산생태전시관,3,6
명지산생태전시관,4,7
명지산생태전시관,5,4
명지산생태전시관,6,5
한남대학교 성지관,1,1
한남대학교 성지관,4,4
한남대학교 성지관,5,1
세종문화회관,1,2380
세종문화회관,2,1996
세종문화회관,3,1666
세종문화회관,4,1648
세종문화회관,5,1360
세종문화회관,6,1840
구미시문화예술회관,1,6
구미시문화예술회관,2,2
구미시문화예술회관,3,3
구미시문화예술회관,4,4
구미시문화예술회관,5,11
구미시문화예술회관,6,2
성신여자대학교박물관,1,24
성신여자대학교박물관,2,32
성신여자대학교박물관,3,35
성신여자대학교박물관,4,17
성신여자대학교박물관,5,41
성신여자대학교박물관,6,27
고려대학교박물관,1,25
고려대학교박물관,2,22
고려대학교박물관,3,16
고려대학교박물관,4,12
고려대학교박물관,5,13
고려대학교박물관,6,18
가나아트센터,1,54
가나아트센터,2,98
가나아트센터,3,50
가나아트센터,4,67
가나아트센터,5,93
가나아트센터,6,109
갤러리미,1,702
갤러리미,2,669
갤러리미,3,790
갤러리미,4,706
갤러리미,5,662
갤러리미,6,762
음성 향토민속자료전시관,1,25
음성 향토민속자료전시관,2,22
음성 향토민속자료전시관,3,13
음성 향토민속자료전시관,4,21
음성 향토민속자료전시관,5,24
음성 향토민속자료전시관,6,21
아트리움,1,1002
아트리움,2,740
아트리움,3,632
아트리움,4,620
아트리움,5,629
아트리움,6,681
두산아트센터,1,170
두산아트센터,2,134
두산아트센터,3,96
두산아트센터,4,104
두산아트센터,5,201
두산아트센터,6,355
한림대학교박물관,1,29
한림대학교박물관,2,24
한림대학교박물관,3,21
한림대학교박물관,4,28
한림대학교박물관,5,22
한림대학교박물관,6,46
동원화랑,1,1
동원화랑,2,9
동원화랑,3,4
동원화랑,4,2
동원화랑,5,4
동원화랑,6,9
원광대학교 박물관,1,34
원광대학교 박물관,2,27
원광대학교 박물관,3,27
원광대학교 박물관,4,32
원광대학교 박물관,5,54
원광대학교 박물관,6,32
대구 중구문화원,1,29
대구 중구문화원,2,32
대구 중구문화원,3,17
대구 중구문화원,4,23
대구 중구문화원,5,41
대구 중구문화원,6,34
KBS 창원홀,1,5
KBS 창원홀,2,3
KBS 창원홀,3,9
KBS 창원홀,4,4
KBS 창원홀,5,4
경남대학교 박물관,1,139
경남대학교 박물관,2,168
경남대학교 박물관,3,133
경남대학교 박물관,4,141
경남대학교 박물관,5,145
경남대학교 박물관,6,145
동국대학교 경주캠퍼스박물관,1,120
동국대학교 경주캠퍼스박물관,2,157
동국대학교 경주캠퍼스박물관,3,119
동국대학교 경주캠퍼스박물관,4,104
동국대학교 경주캠퍼스박물관,5,120
동국대학교 경주캠퍼스박물관,6,164
중앙대학교박물관,1,58
중앙대학교박물관,2,88
중앙대학교박물관,3,112
중앙대학교박물관,4,122
중앙대학교박물관,5,116
중앙대학교박물관,6,102
유니버설아트센터,1,92
유니버설아트센터,2,45
유니버설아트센터,3,18
유니버설아트센터,4,12
유니버설아트센터,5,7
유니버설아트센터,6,8
예산군문예회관,1,13
예산군문예회관,2,13
예산군문예회관,3,16
예산군문예회관,4,5
예산군문예회관,5,6
예산군문예회관,6,11
나주배박물관,1,51
나주배박물관,2,50
나주배박물관,3,43
나주배박물관,4,64
나주배박물관,5,50
나주배박물관,6,52
충남대학교박물관,1,101
충남대학교박물관,2,156
충남대학교박물관,3,98
충남대학교박물관,4,97
충남대학교박물관,5,109
충남대학교박물관,6,113
계명대학교 행소박물관,1,2
계명대학교 행소박물관,2,1
계명대학교 행소박물관,3,5
계명대학교 행소박물관,4,2
계명대학교 행소박물관,5,7
계명대학교 행소박물관,6,3
서울시립대학교박물관,1,109
서울시립대학교박물관,2,156
서울시립대학교박물관,3,95
서울시립대학교박물관,4,106
서울시립대학교박물관,5,136
서울시립대학교박물관,6,117
국립안동대학교박물관,1,35
국립안동대학교박물관,2,35
국립안동대학교박물관,3,21
국립안동대학교박물관,4,26
국립안동대학교박물관,5,41
국립안동대학교박물관,6,49
숙명여자대학교 박물관,1,24
숙명여자대학교 박물관,2,17
숙명여자대학교 박물관,3,19
숙명여자대학교 박물관,4,45
숙명여자대학교 박물관,5,42
숙명여자대학교 박물관,6,36
갤러리 현대,1,129
갤러리 현대,2,103
갤러리 현대,3,50
갤러리 현대,4,85
갤러리 현대,5,256
갤러리 현대,6,184
모란미술관,1,20
모란미술관,2,17
모란미술관,3,19
모란미술관,4,26
모란미술관,5,46
모란미술관,6,29
마포아트센터,1,172
마포아트센터,2,94
마포아트센터,3,104
마포아트센터,4,86
마포아트센터,5,75
마포아트센터,6,96
인천우체국,1,10
인천우체국,2,13
인천우체국,3,17
인천우체국,4,20
인천우체국,5,11
인천우체국,6,7
SOS박물관,1,39
SOS박물관,2,42
SOS박물관,3,46
SOS박물관,4,40
SOS박물관,5,37
SOS박물관,6,34
영동 예맥화랑,3,1
영동 예맥화랑,4,1
익산시솜리문화예술회관,1,6
익산시솜리문화예술회관,2,11
익산시솜리문화예술회관,3,4
익산시솜리문화예술회관,4,4
익산시솜리문화예술회관,5,5
익산시솜리문화예술회관,6,5
순창장류박물관,1,10
순창장류박물관,2,8
순창장류박물관,3,6
순창장류박물관,4,5
순창장류박물관,5,7
순창장류박물관,6,13
의성문화체육회관,1,13
의성문화체육회관,2,14
의성문화체육회관,3,33
의성문화체육회관,4,13
의성문화체육회관,5,5
의성문화체육회관,6,14
내설악 백공미술관,4,1
내설악 백공미술관,6,2
세계골프역사박물관,1,14
세계골프역사박물관,2,19
세계골프역사박물관,3,3
세계골프역사박물관,4,8
세계골프역사박물관,5,7
세계골프역사박물관,6,9
명필름아트센터,1,27
명필름아트센터,2,30
명필름아트센터,3,8
명필름아트센터,4,15
명필름아트센터,5,36
명필름아트센터,6,12
드라마월드,1,1458
드라마월드,2,1452
드라마월드,3,2035
드라마월드,4,1902
드라마월드,5,1879
드라마월드,6,1910
브이알존 큐브 강남점,1,1
VRZONE 용산 아이파크몰점,1,148
VRZONE 용산 아이파크몰점,2,196
VRZONE 용산 아이파크몰점,3,150
VRZONE 용산 아이파크몰점,4,147
VRZONE 용산 아이파크몰점,5,156
VRZONE 용산 아이파크몰점,6,144
이리자 한복전시관,3,1
이리자 한복전시관,5,1
한국소리문화의전당,1,102
한국소리문화의전당,2,82
한국소리문화의전당,3,92
한국소리문화의전당,4,57
한국소리문화의전당,5,66
한국소리문화의전당,6,75
한립토이뮤지엄,1,2
한립토이뮤지엄,2,3
한립토이뮤지엄,3,3
한립토이뮤지엄,4,2
한립토이뮤지엄,6,3
평촌아트홀,1,37
평촌아트홀,2,32
평촌아트홀,3,19
평촌아트홀,4,31
평촌아트홀,5,20
평촌아트홀,6,32
조안베어뮤지엄,1,14
조안베어뮤지엄,2,22
조안베어뮤지엄,3,21
조안베어뮤지엄,4,14
조안베어뮤지엄,5,8
조안베어뮤지엄,6,14
스파시스,1,67
스파시스,2,55
스파시스,3,38
스파시스,4,35
스파시스,5,32
스파시스,6,74
일산황토마루한증막,1,2
일산황토마루한증막,3,1
일산황토마루한증막,6,2
양평곤충박물관,1,19
양평곤충박물관,2,13
양평곤충박물관,3,12
양평곤충박물관,4,19
양평곤충박물관,5,27
양평곤충박물관,6,15
서귀포문화원,1,22
서귀포문화원,2,14
서귀포문화원,3,14
서귀포문화원,4,19
서귀포문화원,5,29
서귀포문화원,6,26
숲사랑홍보관,1,5
숲사랑홍보관,2,6
숲사랑홍보관,3,9
숲사랑홍보관,4,2
숲사랑홍보관,5,4
숲사랑홍보관,6,4
주한독일문화원,1,25
주한독일문화원,2,25
주한독일문화원,3,30
주한독일문화원,4,26
주한독일문화원,5,16
주한독일문화원,6,19
주한이탈리아문화원,1,17
주한이탈리아문화원,2,19
주한이탈리아문화원,3,18
주한이탈리아문화원,4,9
주한이탈리아문화원,5,10
주한이탈리아문화원,6,13
무주양수홍보관,1,3
무주양수홍보관,2,2
무주양수홍보관,3,1
무주양수홍보관,4,1
무주양수홍보관,5,4
무주양수홍보관,6,3
시흥문화원,1,42
시흥문화원,2,53
시흥문화원,3,68
시흥문화원,4,31
시흥문화원,5,36
시흥문화원,6,54
강원 신재생에너지전시관,1,13
강원 신재생에너지전시관,2,10
강원 신재생에너지전시관,3,3
강원 신재생에너지전시관,4,4
강원 신재생에너지전시관,5,4
강원 신재생에너지전시관,6,6
이경순 소리박물관,2,1
이경순 소리박물관,6,3
고양시문예회관,1,16
고양시문예회관,2,20
고양시문예회관,3,25
고양시문예회관,4,9
고양시문예회관,5,25
고양시문예회관,6,61
통영시민문화회관,1,14
통영시민문화회관,2,14
통영시민문화회관,3,12
통영시민문화회관,4,33
통영시민문화회관,5,34
통영시민문화회관,6,24
성마루미술관,4,1
성마루미술관,6,1
닥종이인형박물관,1,17
닥종이인형박물관,2,15
닥종이인형박물관,3,8
닥종이인형박물관,4,7
닥종이인형박물관,5,8
닥종이인형박물관,6,11
여성생활사 박물관,1,37
여성생활사 박물관,2,20
여성생활사 박물관,3,15
여성생활사 박물관,4,9
여성생활사 박물관,5,25
여성생활사 박물관,6,17
MoA 서울대학교미술관,1,2
MoA 서울대학교미술관,2,4
MoA 서울대학교미술관,3,1
MoA 서울대학교미술관,4,4
MoA 서울대학교미술관,5,5
MoA 서울대학교미술관,6,4
호림박물관,1,30
호림박물관,2,36
호림박물관,3,34
호림박물관,4,14
호림박물관,5,52
호림박물관,6,61
이화여자대학교박물관,1,15
이화여자대학교박물관,2,8
이화여자대학교박물관,3,10
이화여자대학교박물관,4,7
이화여자대학교박물관,5,8
이화여자대학교박물관,6,11
지적박물관,1,854
지적박물관,2,815
지적박물관,3,878
지적박물관,4,699
지적박물관,5,993
지적박물관,6,895
공주문예회관,1,15
공주문예회관,2,13
공주문예회관,3,7
공주문예회관,4,4
공주문예회관,5,4
공주문예회관,6,33
제주통일관,1,4
제주통일관,2,1
제주통일관,3,3
제주통일관,4,1
제주통일관,5,5
제주통일관,6,4
백제역사문화관,1,20
백제역사문화관,2,18
백제역사문화관,3,16
백제역사문화관,4,19
백제역사문화관,5,13
백제역사문화관,6,32
동국대학교 박물관,1,7
동국대학교 박물관,2,16
동국대학교 박물관,3,8
동국대학교 박물관,4,10
동국대학교 박물관,5,7
동국대학교 박물관,6,14
원불교역사박물관,1,7
원불교역사박물관,2,17
원불교역사박물관,3,11
원불교역사박물관,4,13
원불교역사박물관,5,19
원불교역사박물관,6,22
한국천주교순교자박물관,1,46
한국천주교순교자박물관,2,35
한국천주교순교자박물관,3,51
한국천주교순교자박물관,4,37
한국천주교순교자박물관,5,37
한국천주교순교자박물관,6,40
가평현암농경유물박물관,1,6
가평현암농경유물박물관,2,1
가평현암농경유물박물관,3,2
가평현암농경유물박물관,4,3
가평현암농경유물박물관,5,3
가평현암농경유물박물관,6,2
한국잠사박물관(청주),1,13
한국잠사박물관(청주),2,4
한국잠사박물관(청주),3,5
한국잠사박물관(청주),5,3
한국잠사박물관(청주),6,51
갤러리 라메르,1,66
갤러리 라메르,2,63
갤러리 라메르,3,39
갤러리 라메르,4,42
갤러리 라메르,5,44
갤러리 라메르,6,54
서울대학교 규장각,1,53
서울대학교 규장각,2,46
서울대학교 규장각,3,53
서울대학교 규장각,4,38
서울대학교 규장각,5,43
서울대학교 규장각,6,32
대백프라자갤러리,1,23
대백프라자갤러리,2,15
대백프라자갤러리,3,2
대백프라자갤러리,4,10
대백프라자갤러리,5,12
대백프라자갤러리,6,17
박을복자수박물관,1,1
박을복자수박물관,2,4
박을복자수박물관,3,3
박을복자수박물관,4,2
박을복자수박물관,5,6
박을복자수박물관,6,7
경희대학교 자연사박물관,1,8
경희대학교 자연사박물관,2,7
경희대학교 자연사박물관,3,3
경희대학교 자연사박물관,4,1
경희대학교 자연사박물관,5,1
영덕어촌민속전시관,1,11
영덕어촌민속전시관,2,6
영덕어촌민속전시관,3,12
영덕어촌민속전시관,4,13
영덕어촌민속전시관,5,7
영덕어촌민속전시관,6,13
군립 청송야송미술관,1,2
군립 청송야송미술관,2,1
군립 청송야송미술관,3,2
군립 청송야송미술관,4,1
군립 청송야송미술관,5,3
군립 청송야송미술관,6,5
외솔 최현배선생 생가 기념관,1,3
외솔 최현배선생 생가 기념관,2,5
외솔 최현배선생 생가 기념관,3,2
외솔 최현배선생 생가 기념관,4,1
외솔 최현배선생 생가 기념관,5,3
외솔 최현배선생 생가 기념관,6,5
성주문화예술회관,1,20
성주문화예술회관,2,53
성주문화예술회관,3,58
성주문화예술회관,4,31
성주문화예술회관,5,34
성주문화예술회관,6,26
덕성여자대학교박물관,1,14
덕성여자대학교박물관,2,16
덕성여자대학교박물관,3,11
덕성여자대학교박물관,4,15
덕성여자대학교박물관,5,9
덕성여자대학교박물관,6,9
자생식물학습장,1,15
자생식물학습장,2,13
자생식물학습장,3,21
자생식물학습장,4,22
자생식물학습장,5,19
자생식물학습장,6,24
가일미술관,1,4
가일미술관,2,3
가일미술관,3,3
가일미술관,4,11
가일미술관,5,5
가일미술관,6,5
갤러리 시몬,1,34
갤러리 시몬,2,34
갤러리 시몬,3,30
갤러리 시몬,4,22
갤러리 시몬,5,35
갤러리 시몬,6,67
대산미술관,1,22
대산미술관,2,20
대산미술관,3,15
대산미술관,4,22
대산미술관,5,17
대산미술관,6,15
경기대학교박물관,1,295
경기대학교박물관,2,363
경기대학교박물관,3,367
경기대학교박물관,4,317
경기대학교박물관,5,380
경기대학교박물관,6,343
이스라엘문화원,1,25
이스라엘문화원,2,15
이스라엘문화원,3,24
이스라엘문화원,4,22
이스라엘문화원,5,38
이스라엘문화원,6,19
합덕수리민속박물관,1,11
합덕수리민속박물관,2,8
합덕수리민속박물관,3,6
합덕수리민속박물관,4,8
합덕수리민속박물관,5,5
합덕수리민속박물관,6,16
청송민속박물관,1,9
청송민속박물관,2,16
청송민속박물관,3,12
청송민속박물관,4,19
청송민속박물관,5,5
청송민속박물관,6,14
주한 프랑스문화원,1,15
주한 프랑스문화원,2,13
주한 프랑스문화원,3,17
주한 프랑스문화원,4,15
주한 프랑스문화원,5,7
주한 프랑스문화원,6,35
진도향토문화회관,1,7
진도향토문화회관,2,13
진도향토문화회관,3,17
진도향토문화회관,4,9
진도향토문화회관,5,15
진도향토문화회관,6,16
농경유물전시관,1,36
농경유물전시관,2,34
농경유물전시관,3,18
농경유물전시관,4,19
농경유물전시관,5,20
농경유물전시관,6,23
상명대학교 박물관,1,31
상명대학교 박물관,2,29
상명대학교 박물관,3,31
상명대학교 박물관,4,40
상명대학교 박물관,5,63
상명대학교 박물관,6,50
동덕여자대학교 박물관,1,23
동덕여자대학교 박물관,2,8
동덕여자대학교 박물관,3,9
동덕여자대학교 박물관,4,6
동덕여자대학교 박물관,5,13
동덕여자대학교 박물관,6,6
롯데월드 가든스테이지,1,32
롯데월드 가든스테이지,2,18
롯데월드 가든스테이지,3,8
롯데월드 가든스테이지,4,5
롯데월드 가든스테이지,5,12
롯데월드 가든스테이지,6,11
반달미술관 (여주세계생활도자관),5,2
캐릭파크,1,95
캐릭파크,2,68
캐릭파크,3,83
캐릭파크,4,51
캐릭파크,5,71
캐릭파크,6,81
축구전시관,1,141
축구전시관,2,99
축구전시관,3,87
축구전시관,4,64
축구전시관,5,55
축구전시관,6,66
청작화랑,1,2
청작화랑,2,9
청작화랑,3,7
청작화랑,4,3
청작화랑,5,3
청작화랑,6,9
모인화랑,1,49
모인화랑,2,42
모인화랑,3,46
모인화랑,4,46
모인화랑,5,57
모인화랑,6,55
갤러리 미고,1,11
갤러리 미고,2,12
갤러리 미고,3,4
갤러리 미고,4,10
갤러리 미고,5,7
갤러리 미고,6,9
아라리오갤러리 천안,1,41
아라리오갤러리 천안,2,43
아라리오갤러리 천안,3,21
아라리오갤러리 천안,4,27
아라리오갤러리 천안,5,37
아라리오갤러리 천안,6,62
서호미술관,1,64
서호미술관,2,30
서호미술관,3,30
서호미술관,4,39
서호미술관,5,32
서호미술관,6,32
성곡미술관,1,48
성곡미술관,2,63
성곡미술관,3,62
성곡미술관,4,51
성곡미술관,5,56
성곡미술관,6,55
상원미술관,1,8
상원미술관,2,4
상원미술관,3,5
상원미술관,4,2
상원미술관,5,1
상원미술관,6,7
장기려기념 더 나눔센터,1,4
장기려기념 더 나눔센터,2,1
장기려기념 더 나눔센터,3,3
장기려기념 더 나눔센터,5,3
시간을 담다,1,2090
시간을 담다,2,2152
시간을 담다,3,2378
시간을 담다,4,2542
시간을 담다,5,2523
시간을 담다,6,2524
커피커퍼 커피박물관,1,28
커피커퍼 커피박물관,2,35
커피커퍼 커피박물관,3,22
커피커퍼 커피박물관,4,7
커피커퍼 커피박물관,5,17
커피커퍼 커피박물관,6,23
안산시세계문화체험관,1,6
안산시세계문화체험관,2,2
안산시세계문화체험관,3,4
안산시세계문화체험관,4,9
안산시세계문화체험관,5,6
안산시세계문화체험관,6,6
